1001,92.423,2
1003,110.13,2
1005,27.29,2
1007,35.802,2
1009,88.874,2
1011,16.133,2
1013,24.998,2
1015,185.52,2
1017,55.134,2
1019,43.66,2
1021,63.396,2
1023,13.67,2
1025,18.858,2
1027,21.838,2
1029,26.575,2
1031,76.915,2
1033,88.576,2
1035,14.154,2
1037,16.001,2
1039,35.489,2
1041,22.543,2
1043,110.97,2
1045,87.383,2
1047,37.441,2
1049,91.835,2
1051,123.56,2
1053,38.438,2
1055,186.35,2
1057,25.902,2
1059,48.507,2
1061,45.376,2
1063,12.29,2
1065,22.316,2
1067,30.27,2
1069,182.02,2
1071,45.816,2
1073,585.99,1
1075,22.799,2
1077,129,2
1079,45.847,2
1081,267.28,2
1083,162.92,2
1085,13.414,2
1087,29.461,2
1089,458.74,2
1091,19.191,2
1093,39.952,2
1095,155.28,2
1097,251.32,2
1099,20.039,2
1101,283.17,2
1103,199.77,2
1105,12.322,2
1107,22.391,2
1109,49.266,2
1111,38.898,2
1113,89.523,2
1117,268.9,2
1115,136.94,2
1119,13.606,2
1121,105.19,2
1123,52.678,2
1125,154.84,2
1127,78.873,2
1129,14.997,2
1131,11.43,2
1133,37.394,2
2013,0.22229,2
2016,0.39916,2
2020,146.83,2
2050,0.40009,2
2060,0.91106,2
2164,0.054881,2
2068,0.16594,2
2070,0.23849,2
2090,13.011,2
2100,0.91863,2
2105,0.12274,2
2110,10.377,2
2122,2.7099,2
2130,7.9728,2
2150,1.0973,2
2158,0.48673,2
2170,4.2928,2
2180,0.3538,2
2185,0.10479,2
2188,0.18743,2
2195,0.36395,2
2198,0.49362,2
2220,1.7512,2
2230,2.6501,2
2240,0.26274,2
2261,0.21146,2
2275,0.96461,2
2282,0.074593,2
2290,0.032894,2
4001,6.4075,2
4003,20.247,2
4005,7.6879,2
4007,11.263,2
4009,8.3674,2
4011,5.1381,2
4012,4.6765,2
4013,486.23,2
4015,15.752,2
4017,11.137,2
4019,113.97,2
4021,86.108,2
4023,37.552,2
4025,28.923,2
4027,38.734,2
5001,16.913,2
5003,20.93,2
5005,71.461,2
5007,318.36,2
5009,62.194,2
5011,16.446,2
5013,8.2028,2
5015,44.183,2
5017,14.644,2
5019,25.287,2
5021,22.684,2
5023,42.096,2
5025,13.286,2
5027,30.585,2
5029,36.784,2
5031,154.74,2
5033,104.69,2
5035,75.314,2
5037,26.381,2
5039,10.489,2
5041,13.862,2
5043,21.801,2
5045,189.76,2
5047,28.585,2
5049,20.113,2
5051,135.29,2
5053,28.852,2
5055,78.188,2
5057,29.042,2
5059,54.277,2
5061,22.179,2
5063,49.019,2
5065,23.335,2
5067,26.062,2
5069,73.132,2
5071,38.926,2
5073,12.152,2
5075,27.695,2
5077,14.297,2
5079,22.761,2
5081,21.701,2
5083,29.343,2
5085,91.353,2
5087,19.801,2
5089,26.069,2
5091,67.851,2
5093,44.195,2
5095,10.783,2
5097,11.228,2
5099,13.292,2
5101,9.4177,2
5103,31.61,2
5105,18.653,2
5107,24.448,2
5109,17.458,2
5111,30.818,2
5113,23.147,2
5115,77.117,2
5117,11.929,2
5119,485.09,2
5121,27.372,2
5125,167.61,2
5127,11.447,2
5129,11.788,2
5131,234.09,2
5133,29.253,2
5135,28.764,2
5123,38.905,2
5137,20.519,2
5139,36.653,2
5141,22.841,2
5143,250.18,2
5145,75.548,2
5147,10.638,2
5149,22.49,2
6001,2035.1,1
6003,1.519,2
6005,65.786,2
6007,130.68,2
6009,44.271,2
6011,18.634,2
6013,1438,1
6015,22.614,2
6017,107.66,2
6019,166.02,2
6021,21.392,2
6023,33.45,2
6025,40.431,2
6027,1.7637,2
6029,110.29,2
6031,109.9,2
6033,48.425,2
6035,6.4765,2
6037,2112.5,1
6039,73.06,2
6041,312.51,2
6043,11.76,2
6045,22.367,2
6047,140.81,2
6049,2.1032,2
6051,4.6119,2
6053,115.1,2
6055,174.73,2
6057,102.36,2
6059,3350.2,1
6061,265.51,2
6063,7.1954,2
6065,338.25,2
6067,1558.8,1
6069,45.159,2
6071,108.43,2
6073,737.6,1
6075,3801.6,1
6077,534.33,1
6079,78.3,2
6081,1034.4,1
6083,117.82,2
6085,1477.8,1
6087,449.57,2
6089,46.803,2
6091,3.1236,2
6093,6.8589,2
6095,493.62,2
6097,279.55,2
6099,363.52,2
6101,159.27,2
6103,21.971,2
6105,3.8297,2
6107,96.333,2
6109,23.951,2
6111,383.09,2
6113,215.57,2
6115,122.24,2
8001,431.97,2
8003,22.434,2
8005,815.16,1
8007,10.356,2
8009,1.4003,2
8011,3.6185,2
8013,434.12,2
8014,2099,1
8015,20.054,2
8017,1.0278,2
8019,24.466,2
8021,6.3556,2
8023,3.1588,2
8025,7.5727,2
8027,6.8491,2
8029,27.13,2
8031,4695.3,1
8033,1.9239,2
8035,416.65,2
8037,32.583,2
8041,338.26,2
8039,14.44,2
8043,31.185,2
8045,20.318,2
8047,41.548,2
8049,8.4153,2
8051,5.3565,2
8053,0.73004,2
8055,4.3286,2
8057,0.8587,2
8059,749.01,1
8061,0.78729,2
8063,3.283,2
8067,33.071,2
8065,21.168,2
8069,135.5,2
8071,3.0374,2
8073,2.2041,2
8075,12.146,2
8077,46.153,2
8079,0.87603,2
8081,2.7957,2
8083,12.834,2
8085,19.065,2
8087,22.464,2
8089,14.394,2
8091,9.1322,2
8093,8.524,2
8095,6.2011,2
8097,18.255,2
8099,7.4018,2
8101,70.239,2
8103,1.9621,2
8105,12.339,2
8107,10.826,2
8109,2.1524,2
8111,1.8748,2
8113,6.3475,2
8115,4.0899,2
8117,50.075,2
8119,45.418,2
8121,1.9443,2
8123,80.684,2
8125,4.2288,2
9001,1127,1
9003,1188,1
9005,190.9,2
9007,369.95,2
9009,991.53,1
9011,343.66,2
9013,361.42,2
9015,223.93,2
10001,225.94,2
10003,1132.2,1
10005,195.89,2
11001,10324,1
12001,277.6,2
12003,49.599,2
12005,169.07,2
12007,93.985,2
12009,386.54,2
12011,1479.7,1
12013,24.557,2
12015,219.85,2
12017,193.55,2
12019,340.6,2
12021,166.98,2
12023,89.482,2
12027,59.418,2
12029,19.481,2
12031,1043,1
12033,356.08,2
12035,201.62,2
12037,11.813,2
12039,86.394,2
12041,52.272,2
12043,14.004,2
12045,18.046,2
12047,27.781,2
12049,42.196,2
12051,35.316,2
12053,329.17,2
12055,96.009,2
12057,1162.4,1
12059,40.137,2
12061,259.21,2
12063,48.618,2
12065,22.375,2
12067,15.37,2
12069,317.44,2
12071,635.79,1
12073,418.31,2
12075,29.385,2
12077,9.9073,2
12079,25.832,2
12081,451.65,2
12083,219.82,2
12085,213.85,2
12086,1118.3,1
12087,19.861,2
12089,122.09,2
12091,194.75,2
12093,47.275,2
12095,1387.5,1
12097,249.42,2
12099,627.17,1
12101,638.17,1
12103,1604.3,1
12105,360.55,2
12107,90.086,2
12113,159.54,2
12115,598.04,1
12117,1368,1
12109,322.19,2
12111,477.09,2
12119,228.17,2
12121,64.192,2
12123,17.507,2
12125,61.016,2
12127,386.23,2
12129,45.855,2
12131,59.825,2
12133,41.363,2
13001,35.9,2
13003,23.727,2
13005,39.043,2
13007,8.7001,2
13009,167.8,2
13011,82.239,2
13013,511.15,1
13015,228.96,2
13017,65.738,2
13019,42.369,2
13021,600.22,1
13023,58.743,2
13025,42.707,2
13027,31.05,2
13029,87.18,2
13031,115.55,2
13033,26.804,2
13035,131.23,2
13037,21.824,2
13039,69.859,2
13043,43.412,2
13045,238.15,2
13047,415.44,2
13049,17.103,2
13051,447.81,2
13053,43.421,2
13055,78.953,2
13057,596.21,1
13059,1058.1,1
13061,13.059,2
13063,2025.5,1
13065,8.0292,2
13067,2206.2,1
13069,71.802,2
13071,81.927,2
13073,509.14,1
13075,74.044,2
13077,332.97,2
13079,37.993,2
13081,79.556,2
13083,92.567,2
13085,122.03,2
13089,2802.5,1
13087,42.368,2
13091,40.948,2
13093,33.715,2
13095,262.81,2
13097,730.73,1
13099,19.736,2
13101,9.5193,2
13103,133.15,2
13105,51.243,2
13107,32.801,2
13109,57.004,2
13111,66.898,2
13113,574.2,1
13115,189.97,2
13117,987.36,1
13119,87.653,2
13121,1990.2,1
13123,72.639,2
13125,20.566,2
13127,146.28,2
13129,162.08,2
13131,53.507,2
13133,45.102,2
13135,2143.7,1
13137,162.34,2
13139,476.32,2
13141,17.663,2
13143,105.2,2
13145,74.499,2
13147,102.19,2
13149,39.597,2
13151,722.86,1
13153,415.57,2
13155,25.957,2
13157,212.75,2
13159,38.059,2
13161,45.058,2
13163,29.007,2
13165,24.614,2
13167,31.458,2
13169,72.671,2
13171,102.67,2
13173,52.157,2
13175,58.085,2
13177,82.844,2
13179,101.95,2
13181,30.784,2
13183,48.47,2
13185,229.91,2
13187,117.98,2
13193,31.89,2
13195,104.62,2
13197,22.744,2
13189,80.024,2
13191,25.016,2
13199,41.883,2
13201,20.152,2
13205,42.548,2
13207,69.321,2
13209,37.083,2
13211,54.357,2
13213,115.58,2
13215,885.75,1
13217,400.21,2
13219,216.38,2
13221,34.507,2
13223,535.3,1
13225,181.86,2
13227,140,2
13229,56.639,2
13231,86.407,2
13233,136.51,2
13235,44.571,2
13237,61.329,2
13239,14.286,2
13241,45.455,2
13243,15.729,2
13245,616.49,1
13247,687.93,1
13249,31.323,2
13251,21.301,2
13253,31.53,2
13255,334.17,2
13257,140.71,2
13259,14.292,2
13261,59.937,2
13263,15.693,2
13265,7.8627,2
13267,51.787,2
13269,21.125,2
13271,35.711,2
13273,25.266,2
13275,80.508,2
13277,151.16,2
13279,72.775,2
13281,70.035,2
13283,34.126,2
13285,156.78,2
13287,27.547,2
13289,22.374,2
13291,74.459,2
13293,80.325,2
13295,156.16,2
13297,286.58,2
13299,39.415,2
13301,18.322,2
13303,29.768,2
13305,46.123,2
13307,12.398,2
13309,26.169,2
13311,127.17,2
13313,359.94,2
13315,22.527,2
13317,20.625,2
13319,19.808,2
13321,35.236,2
15001,39.614,2
15003,458.19,2
15005,1.6434,2
15007,57.083,2
15009,69.79,2
16001,454.16,2
16003,3.1341,2
16005,76.521,2
16007,5.8362,2
16009,11.86,2
16011,22.077,2
16013,8.6508,2
16015,4.1069,2
16017,23.827,2
16019,62.64,2
16021,9.5799,2
16023,1.1627,2
16025,1.025,2
16027,380.85,2
16029,3.9778,2
16031,9.3123,2
16033,0.47868,2
16035,3.5189,2
16037,0.87403,2
16039,8.8725,2
16041,20.76,2
16043,6.91,2
16045,32.013,2
16047,20.683,2
16049,1.9602,2
16051,27.017,2
16053,40.558,2
16055,125.93,2
16057,37.243,2
16059,1.7566,2
16061,7.9987,2
16063,4.4497,2
16065,84.3,2
16067,27.573,2
16069,47.184,2
16071,3.7705,2
16073,1.536,2
16075,58.39,2
16077,5.3241,2
16079,4.8877,2
16081,26.946,2
16083,45.048,2
16085,3.051,2
16087,6.9178,2
17001,75.099,2
17003,22.811,2
17005,42.925,2
17007,189.9,2
17009,21.409,2
17011,37.359,2
17013,16.704,2
17015,30.71,2
17017,31.653,2
17019,210.2,2
17021,45.136,2
17023,30.582,2
17025,28.059,2
17027,74.602,2
17029,99.237,2
17031,3150.2,1
17033,41.876,2
17035,31.024,2
17039,38.595,2
17037,165.19,2
17041,46.629,2
17043,2739.7,1
17045,27.492,2
17047,28.72,2
17049,70.86,2
17051,29.413,2
17053,26.645,2
17055,89.168,2
17057,38.905,2
17059,14.701,2
17061,23.737,2
17063,118.61,2
17065,18.621,2
17067,21.739,2
17069,21.048,2
17071,16.819,2
17073,59.243,2
17075,24.25,2
17077,94.185,2
17079,19.295,2
17081,64.556,2
17083,57.746,2
17085,34.317,2
17087,35.59,2
17089,1015.8,1
17091,161.21,2
17093,399.73,2
17095,69.051,2
17099,94.65,2
17097,509.14,1
17101,41.923,2
17103,46.749,2
17105,34.097,2
17107,46.23,2
17115,177.67,2
17117,51.779,2
17119,355.17,2
17121,64.622,2
17123,28.7,2
17125,23.711,2
17127,56.879,2
17109,50.303,2
17111,503.57,1
17113,144.58,2
17129,38.668,2
17131,27.134,2
17133,87.087,2
17135,40.032,2
17137,58.813,2
17139,42.095,2
17141,66.345,2
17143,284,2
17145,46.809,2
17147,37.116,2
17149,18.33,2
17151,11.149,2
17153,26.237,2
17155,33.318,2
17157,53.21,2
17159,42.85,2
17161,314.46,2
17165,60.702,2
17167,221.95,2
17169,15.332,2
17171,19.585,2
17173,28.166,2
17163,385.3,2
17175,18.534,2
17177,78.788,2
17179,200.33,2
17181,39.448,2
17183,83.972,2
17185,50.575,2
17187,31.008,2
17189,24.616,2
17191,22.659,2
17193,26.981,2
17195,79.154,2
17197,813.16,1
17199,149.86,2
17201,544.11,1
17203,70.856,2
18001,105.24,2
18003,574.57,1
18005,204.65,2
18007,21.525,2
18009,71.08,2
18011,160.27,2
18013,47.661,2
18015,54.01,2
18017,90.828,2
18019,314.44,2
18021,72.762,2
18023,79.938,2
18025,34.244,2
18027,76.337,2
18033,119.48,2
18029,161.06,2
18031,71.12,2
18035,288.26,2
18037,98.187,2
18039,441.02,2
18041,107.38,2
18043,529.37,1
18045,41.076,2
18047,58.151,2
18049,53.782,2
18051,67.442,2
18053,158.54,2
18055,58.471,2
18057,839.26,1
18059,254.83,2
18061,83.208,2
18063,416.51,2
18065,121.47,2
18067,280.82,2
18069,94.136,2
18071,86.088,2
18073,59.798,2
18075,53.241,2
18077,89.01,2
18079,73.299,2
18081,491.84,2
18083,69.825,2
18085,143.33,2
18087,102.43,2
18091,179.24,2
18089,775.08,1
18093,100.35,2
18095,286.06,2
18097,2392.9,1
18099,102.81,2
18101,30.113,2
18103,94.112,2
18105,360.85,2
18107,75.858,2
18109,172.17,2
18111,34.652,2
18113,114.32,2
18115,67.158,2
18117,48.125,2
18119,53.626,2
18121,37.628,2
18123,49.614,2
18125,36.321,2
18127,326.64,2
18129,60.617,2
18131,28.424,2
18133,77.86,2
18135,54.416,2
18137,63.23,2
18139,40.575,2
18143,123.86,2
18145,108.27,2
18147,50.533,2
18141,589.68,1
18149,73.624,2
18151,107.27,2
18153,45.518,2
18155,48.094,2
18157,389.04,2
18159,58.165,2
18161,42.684,2
18163,769.64,1
18165,59.619,2
18167,260.75,2
18169,73.607,2
18171,22.543,2
18173,161.17,2
18175,54.273,2
18177,162.93,2
18179,76.387,2
18181,47.368,2
18183,100.51,2
19001,12.54,2
19003,8.4669,2
19005,20.777,2
19007,24.063,2
19009,12.39,2
19011,35.691,2
19013,229.44,2
19015,45.74,2
19017,57.006,2
19019,36.93,2
19021,33.822,2
19023,24.826,2
19025,16.892,2
19027,35.36,2
19029,22.717,2
19031,32.005,2
19033,73.803,2
19035,19.459,2
19037,23.605,2
19039,21.76,2
19041,27.973,2
19043,22.134,2
19045,65.369,2
19047,23.523,2
19049,157.92,2
19051,17.824,2
19053,14.756,2
19055,29.376,2
19057,90.657,2
19059,42.749,2
19061,157.81,2
19063,22.883,2
19065,26.864,2
19067,31.201,2
19069,17.271,2
19071,13.468,2
19073,15.561,2
19075,24.338,2
19077,18.023,2
19079,25.582,2
19081,18.546,2
19083,29.555,2
19085,20.042,2
19087,45.692,2
19089,19.329,2
19091,21.935,2
19093,15.87,2
19095,27.552,2
19097,29.915,2
19099,50.732,2
19101,41.888,2
19103,242.44,2
19105,35.858,2
19107,17.666,2
19109,15.201,2
19111,62.467,2
19113,312.86,2
19115,26.42,2
19117,19.806,2
19119,20.002,2
19121,29.054,2
19123,38.53,2
19125,58.279,2
19127,68.698,2
19129,34.362,2
19131,22.551,2
19133,12.327,2
19135,17.752,2
19137,23.343,2
19139,95.001,2
19141,23.989,2
19143,14.913,2
19145,28.217,2
19147,15.605,2
19149,29.139,2
19151,11.428,2
19153,828.06,1
19155,97.089,2
19157,31.565,2
19159,9.0805,2
19161,16.806,2
19163,369.38,2
19165,19.368,2
19167,45.346,2
19169,169.27,2
19171,23.33,2
19173,11.444,2
19175,28.736,2
19177,14.358,2
19179,80.2,2
19181,89.781,2
19183,38.48,2
19185,12.219,2
19187,49.999,2
19189,25.783,2
19191,28.975,2
19193,117.51,2
19195,18.373,2
19197,21.563,2
20001,24.481,2
20003,13.447,2
20005,36.944,2
20007,3.8961,2
20009,28.627,2
20011,22.749,2
20013,16.714,2
20015,46.257,2
20017,3.4033,2
20019,5.0398,2
20021,33.737,2
20023,2.6026,2
20025,2.0404,2
20027,12.208,2
20029,12.228,2
20031,12.494,2
20033,2.1526,2
20035,30.819,2
20037,65.228,2
20039,3.1614,2
20041,21.657,2
20043,19.139,2
20045,257.66,2
20047,4.4975,2
20049,3.8899,2
20051,31.707,2
20053,8.4344,2
20055,27.994,2
20057,30.581,2
20059,44.293,2
20061,78.401,2
20063,2.46,2
20065,2.7617,2
20067,12.433,2
20069,6.8876,2
20071,1.5834,2
20073,5.1897,2
20075,2.545,2
20077,6.7696,2
20079,63.694,2
20081,6.868,2
20083,2.0853,2
20085,20.02,2
20087,34.19,2
20089,3.1481,2
20091,1254.5,1
20093,4.4035,2
20095,8.2515,2
20097,3.4248,2
20099,30.026,2
20101,2.1394,2
20103,174.56,2
20105,4.1141,2
20107,16.002,2
20109,2.6035,2
20111,38.815,2
20115,12.462,2
20117,10.733,2
20113,31.668,2
20119,4.1165,2
20121,58.009,2
20123,8.3198,2
20125,48.859,2
20127,7.9954,2
20129,3.5439,2
20131,14.221,2
20133,27.689,2
20135,2.558,2
20137,6.0822,2
20139,22.173,2
20141,3.8253,2
20143,7.9009,2
20145,8.4999,2
20147,5.8491,2
20149,28.283,2
20151,12.455,2
20153,2.365,2
20155,48.766,2
20157,6.4357,2
20159,13.094,2
20161,119.32,2
20163,5.4948,2
20165,4.2258,2
20167,7.626,2
20169,75.173,2
20171,6.7201,2
20173,511.2,1
20175,33.453,2
20177,317.92,2
20179,2.8115,2
20181,5.6028,2
20183,3.9964,2
20185,5.2292,2
20187,2.9495,2
20189,7.5366,2
20191,19.273,2
20193,7.2346,2
20195,3.1176,2
20197,8.6653,2
20199,1.6606,2
20201,6.0142,2
20203,2.9488,2
20205,14.825,2
20207,6.2077,2
20209,1062.5,1
21001,46.579,2
21003,60.544,2
21005,111.34,2
21007,28.828,2
21009,88.507,2
21011,44.02,2
21013,72.039,2
21015,519.81,1
21017,67.841,2
21019,288.69,2
21021,164.52,2
21023,39.744,2
21025,25.499,2
21027,34.971,2
21029,272.06,2
21031,29.844,2
21033,36.608,2
21035,94.937,2
21037,586.95,1
21039,23.916,2
21041,77.44,2
21043,65.014,2
21045,36.251,2
21047,97.315,2
21049,142.11,2
21051,42.245,2
21053,49.711,2
21055,23.738,2
21057,21.276,2
21059,213.12,2
21061,39.444,2
21063,31.957,2
21065,55.162,2
21067,1131.8,1
21069,41.483,2
21071,89.987,2
21073,240.38,2
21075,25.889,2
21077,84.725,2
21079,75.531,2
21081,96.142,2
21083,66.965,2
21085,51.73,2
21087,37.884,2
21089,98.999,2
21091,43.845,2
21093,176.15,2
21095,55.579,2
21097,60.944,2
21099,45.546,2
21101,96.756,2
21103,55.391,2
21105,17.316,2
21107,80.624,2
21109,38.458,2
21111,1923.6,1
21113,310.17,2
21115,84.058,2
21117,1012.3,1
21119,41.94,2
21121,80.329,2
21123,54.592,2
21125,137.04,2
21127,36.455,2
21129,35.047,2
21131,24.426,2
21133,63.554,2
21135,26.779,2
21137,72.895,2
21139,26.866,2
21141,48.646,2
21143,32.012,2
21151,209.84,2
21153,39.297,2
21155,55.559,2
21157,91.382,2
21159,48.499,2
21161,69.216,2
21145,244.01,2
21147,40.01,2
21149,35.938,2
21163,88.12,2
21165,31.494,2
21167,86.647,2
21169,34.611,2
21171,32.066,2
21173,141.62,2
21175,34.681,2
21177,63.866,2
21179,109.01,2
21181,36.925,2
21183,40.208,2
21185,339.84,2
21187,30.778,2
21189,22.287,2
21191,51.853,2
21193,75.175,2
21195,73.364,2
21197,68.581,2
21199,95.968,2
21201,21.057,2
21203,52.487,2
21205,85.444,2
21207,63.368,2
21209,199.8,2
21211,127.11,2
21213,78.625,2
21215,100.89,2
21217,93.009,2
21219,32.61,2
21221,30.452,2
21223,54.218,2
21225,39.569,2
21227,242.63,2
21229,40.111,2
21231,41.991,2
21233,38.552,2
21235,81.461,2
21237,32.111,2
21239,139.24,2
22001,94.343,2
22003,33.468,2
22005,417.96,2
22007,60.043,2
22009,46.37,2
22011,32.157,2
22013,16.112,2
22015,146.53,2
22017,256.35,2
22019,185.88,2
22021,18.341,2
22023,3.6097,2
22025,12.838,2
22027,20.416,2
22029,25.722,2
22031,30.7,2
22033,935.12,1
22035,15.505,2
22037,41.989,2
22039,49.136,2
22041,31.496,2
22043,33.688,2
22045,67.734,2
22047,49.796,2
22049,27.127,2
22051,673.22,1
22053,47.627,2
22059,22.481,2
22055,904.08,1
22057,66.3,2
22061,98.967,2
22063,200.3,2
22065,16.832,2
22067,30.889,2
22069,29.366,2
22071,1114,1
22073,242.24,2
22075,9.5511,2
22077,36.784,2
22079,95.187,2
22081,20.995,2
22083,35.643,2
22085,23.61,2
22087,26.337,2
22089,129.46,2
22091,24.743,2
22093,81.828,2
22095,123.14,2
22097,87.47,2
22099,65.438,2
22101,44.103,2
22103,231.66,2
22105,163.7,2
22107,6.7587,2
22109,53.104,2
22111,24.419,2
22113,38.683,2
22115,35.352,2
22117,68.333,2
22119,62.328,2
22121,129.96,2
22123,30.054,2
22125,36.54,2
22127,14.529,2
23001,217.75,2
23003,9.8189,2
23005,242.4,2
23007,17.311,2
23009,23.387,2
23011,128.57,2
23013,34.824,2
23015,49.479,2
23017,26.65,2
23019,42.781,2
23021,3.8342,2
23023,96.832,2
23025,12.326,2
23027,46.57,2
23029,9.6398,2
23031,163.31,2
24001,163.86,2
24003,985.24,1
24005,1213,1
24510,6445.4,1
24009,268.1,2
24011,102.45,2
24013,372.32,2
24015,246.13,2
24017,253.79,2
24019,32.482,2
24021,388.89,2
24023,44.223,2
24025,484.95,2
24027,1284.5,1
24029,46.877,2
24031,2075.6,1
24033,1820.8,1
24035,98.821,2
24039,41.938,2
24037,148.47,2
24041,77.979,2
24043,323.05,2
24045,259.15,2
24047,75.241,2
25001,163.15,2
25003,132.03,2
25005,817.66,1
25007,35.299,2
25009,952.15,1
25011,96.825,2
25013,735.41,1
25015,294.85,2
25017,1901.4,1
25019,37.586,2
25021,1591.9,1
25023,476.65,2
25025,6695.3,1
25027,526.01,1
26001,5.811,2
26003,1.8056,2
26005,64.402,2
26007,16.758,2
26009,38.748,2
26011,21.863,2
26013,7.6783,2
26015,106.69,2
26017,163.44,2
26019,20.665,2
26021,96.999,2
26023,83.764,2
26025,186.72,2
26027,101.84,2
26029,18.796,2
26031,28.552,2
26033,13.843,2
26035,53.803,2
26037,138.52,2
26039,24.9,2
26041,17.966,2
26043,32.474,2
26045,190.42,2
26047,37.871,2
26049,624.93,1
26051,49.276,2
26053,9.4647,2
26055,154.84,2
26057,71.218,2
26059,75.11,2
26061,23.764,2
26063,14.496,2
26065,521.24,1
26067,111.5,2
26069,13.29,2
26071,9.1367,2
26073,120.93,2
26075,218.99,2
26077,456.83,2
26079,31.602,2
26081,753.21,1
26083,0.34915,2
26085,20.627,2
26087,132.11,2
26089,8.5898,2
26091,129.31,2
26093,327.94,2
26095,3.258,2
26097,5.1409,2
26099,1533.8,1
26101,19.172,2
26103,19.463,2
26105,23.466,2
26107,76.081,2
26109,17.024,2
26111,157.52,2
26113,26.345,2
26115,221.29,2
26117,88.608,2
26119,16.584,2
26121,118.94,2
26123,56.858,2
26125,1384.9,1
26127,20.253,2
26129,36.537,2
26131,1.5289,2
26133,40.932,2
26135,14.417,2
26137,46.897,2
26139,178.8,2
26141,4.8935,2
26143,41.422,2
26145,233.56,2
26151,25.883,2
26153,4.2967,2
26155,125.97,2
26147,191.13,2
26149,116.97,2
26157,57.171,2
26159,69.411,2
26161,508.73,1
26163,2602.2,1
26165,58.399,2
27001,7.9614,2
27003,799.77,1
27005,23.819,2
27007,15.443,2
27009,99,2
27011,9.4541,2
27013,88.328,2
27015,40.425,2
27017,40.982,2
27019,279.32,2
27021,12.334,2
27023,20.073,2
27025,127.85,2
27027,61.002,2
27029,8.5624,2
27031,1.636,2
27033,17.253,2
27035,56.246,2
27037,731.67,1
27039,47.616,2
27041,52.976,2
27043,18.919,2
27045,24.434,2
27047,41.902,2
27049,59.374,2
27051,10.382,2
27053,2087.4,1
27055,32.692,2
27057,21.503,2
27059,89.834,2
27061,15.414,2
27063,13.684,2
27065,30.627,2
27067,50.114,2
27069,3.8947,2
27071,3.8769,2
27073,8.5119,2
27075,3.5575,2
27077,2.1069,2
27079,60.956,2
27081,10.281,2
27083,35.307,2
27087,9.4799,2
27089,5.15,2
27091,26.978,2
27085,70.977,2
27093,35.997,2
27095,38.541,2
27097,28.946,2
27099,56.287,2
27101,11.388,2
27103,73.395,2
27105,29.942,2
27107,7.2703,2
27109,241.84,2
27111,26.402,2
27113,22.833,2
27115,20.617,2
27117,19.577,2
27119,15.699,2
27121,15.682,2
27123,3234.1,1
27125,9.3753,2
27127,17.214,2
27129,14.736,2
27131,129.76,2
27133,19.291,2
27135,9.035,2
27139,404.3,2
27141,215.61,2
27143,24.759,2
27137,29.017,2
27145,115.88,2
27147,84.8,2
27149,17.044,2
27151,12.315,2
27153,25.183,2
27155,5.5614,2
27157,39.333,2
27159,25.196,2
27161,43.002,2
27163,620.15,1
27165,24.77,2
27167,8.2576,2
27169,78.681,2
27171,193.69,2
27173,12.718,2
28001,63.118,2
28003,92.065,2
28005,16.806,2
28007,24.654,2
28009,20.209,2
28011,33.812,2
28013,24.423,2
28015,15.675,2
28017,33.914,2
28019,19.555,2
28021,17.924,2
28023,22.411,2
28025,46.427,2
28027,37.937,2
28029,36.006,2
28031,44.909,2
28033,372.26,2
28035,159.29,2
28037,13.608,2
28039,50.656,2
28041,18.903,2
28043,46.189,2
28045,86.202,2
28047,213.16,2
28049,264.23,2
28051,22.257,2
28053,18.701,2
28055,3.0063,2
28057,43.278,2
28059,137.65,2
28061,24.182,2
28063,13.258,2
28065,27.199,2
28067,97.312,2
28069,12.701,2
28071,79.518,2
28073,126.55,2
28075,103.62,2
28077,28.883,2
28079,38.922,2
28081,188.53,2
28083,46.476,2
28085,58.062,2
28087,113.45,2
28089,143.22,2
28091,44.791,2
28093,49.72,2
28095,45.657,2
28097,23.964,2
28099,50.933,2
28101,36.262,2
28103,14.88,2
28105,107.35,2
28107,48.486,2
28109,67.81,2
28111,18.413,2
28113,95.635,2
28115,64.217,2
28117,60.07,2
28119,16.708,2
28121,192.61,2
28123,46.072,2
28125,9.9352,2
28127,45.139,2
28129,24.973,2
28131,40.92,2
28133,35.503,2
28135,21.175,2
28137,68.911,2
28139,47.859,2
28141,43.599,2
28143,20.032,2
28145,69.116,2
28147,35.32,2
28149,73.335,2
28151,57.676,2
28153,24.809,2
28155,22.885,2
28157,12.549,2
28159,29.427,2
28161,24.459,2
28163,31.781,2
29001,44.512,2
29003,40.575,2
29005,9.3955,2
29007,36.434,2
29009,45.248,2
29011,19.696,2
29013,18.993,2
29015,25.836,2
29017,19.531,2
29019,261.09,2
29021,210.72,2
29023,60.769,2
29025,20.989,2
29027,52.809,2
29029,65.32,2
29031,134.52,2
29033,12.357,2
29035,11.751,2
29037,150.53,2
29039,28.782,2
29041,9.6655,2
29043,157.06,2
29045,13.277,2
29047,610.88,1
29049,48.139,2
29051,192.29,2
29053,31.055,2
29055,32.158,2
29057,14.933,2
29059,31.09,2
29061,14.545,2
29063,29.467,2
29065,20.639,2
29067,16.184,2
29069,53.242,2
29071,111.84,2
29073,28.037,2
29075,13.36,2
29077,432.38,2
29079,22.488,2
29081,11.496,2
29083,29.789,2
29085,23.178,2
29087,9.3863,2
29089,21.252,2
29091,43.211,2
29093,18.339,2
29095,1141,1
29097,189.17,2
29099,338.92,2
29101,64.893,2
29103,7.8118,2
29105,46.513,2
29107,51.194,2
29109,62.526,2
29111,19.136,2
29113,92.144,2
29115,19.179,2
29117,28.276,2
29121,18.604,2
29123,24.291,2
29125,16.409,2
29127,64.247,2
29119,42.311,2
29129,7.9458,2
29131,42.7,2
29133,30.728,2
29135,38.513,2
29137,12.896,2
29139,21.313,2
29141,33.598,2
29143,24.462,2
29145,92.922,2
29147,25.167,2
29149,13.3,2
29151,22.195,2
29153,12.149,2
29155,30.843,2
29157,39.513,2
29159,61.684,2
29161,66.101,2
29163,26.724,2
29165,244.39,2
29167,50.037,2
29169,95.399,2
29171,9.036,2
29173,21.307,2
29175,50.745,2
29177,40.128,2
29179,7.6983,2
29181,21.035,2
29195,29.768,2
29197,15.121,2
29199,11.159,2
29201,89.847,2
29203,8.1331,2
29205,11.802,2
29183,677.33,1
29185,13.387,2
29187,148.56,2
29189,1898.8,1
29510,4543.9,1
29186,35.158,2
29207,35.012,2
29209,62.534,2
29211,9.3464,2
29213,85.841,2
29215,21.536,2
29217,24.564,2
29219,81.435,2
29221,32.433,2
29223,16.629,2
29225,66.682,2
29227,7.5458,2
29229,26.768,2
30001,1.6964,2
30003,2.656,2
30005,1.5761,2
30007,5.0341,2
30009,5.2006,2
30011,0.37391,2
30013,30.005,2
30015,1.4098,2
30017,3.0058,2
30019,1.1847,2
30021,3.614,2
30023,12.33,2
30025,1.7535,2
30027,2.5399,2
30029,19.748,2
30031,45.182,2
30033,0.25951,2
30035,4.5283,2
30037,0.69788,2
30039,1.9496,2
30041,5.6528,2
30043,7.367,2
30045,1.0728,2
30047,18.418,2
30049,19.851,2
30051,1.6149,2
30053,5.4364,2
30057,2.3869,2
30055,0.62024,2
30059,0.7775,2
30061,3.594,2
30063,45.677,2
30065,2.4763,2
30067,6.2271,2
30069,0.29091,2
30071,0.7586,2
30073,3.6046,2
30075,0.51,2
30077,2.9536,2
30079,0.61804,2
30081,18.25,2
30083,5.1368,2
30085,4.6436,2
30087,1.7778,2
30089,4.3413,2
30091,1.9392,2
30093,48.561,2
30095,5.3427,2
30097,2.0069,2
30099,2.6813,2
30101,2.4339,2
30103,0.70722,2
30105,1.4611,2
30107,1.4884,2
30109,1.0886,2
30111,60.888,2
31001,55.589,2
31003,7.3361,2
31005,0.64452,2
31007,0.99808,2
31009,0.6509,2
31011,7.5542,2
31013,10.004,2
31015,3.5234,2
31017,2.4119,2
31019,50.916,2
31021,12.993,2
31023,13.716,2
31025,46.352,2
31027,11.265,2
31029,4.3713,2
31031,0.94661,2
31033,7.4464,2
31035,10.815,2
31037,25.582,2
31039,15.396,2
31041,4.1833,2
31043,74.889,2
31045,6.1311,2
31047,23.147,2
31049,4.0696,2
31051,11.675,2
31053,67.218,2
31055,1682.1,1
31057,1.8385,2
31059,9.4718,2
31061,5.1707,2
31063,2.6803,2
31065,6.4897,2
31067,25.015,2
31069,1.0611,2
31071,3.4462,2
31073,4.3002,2
31075,0.79538,2
31077,4.128,2
31079,111.1,2
31081,17.053,2
31083,5.8865,2
31085,1.2925,2
31087,3.8435,2
31089,4.1637,2
31091,0.9452,2
31093,11.194,2
31095,12.243,2
31097,13.457,2
31099,12.584,2
31101,7.2388,2
31103,1.0411,2
31105,3.8136,2
31107,7.3104,2
31109,376.85,2
31111,13.557,2
31113,1.3096,2
31115,1.1627,2
31119,61.032,2
31117,0.57438,2
31121,15.686,2
31123,3.2463,2
31125,7.8535,2
31127,16.926,2
31129,7.2014,2
31131,25.863,2
31133,6.0351,2
31135,3.2691,2
31137,16.71,2
31139,12.425,2
31141,48.568,2
31143,11.817,2
31145,14.934,2
31147,14.146,2
31149,1.341,2
31151,24.691,2
31153,756.99,1
31155,28.433,2
31157,47.773,2
31159,30.02,2
31161,2.1238,2
31163,5.2496,2
31165,0.56399,2
31167,13.733,2
31169,8.6954,2
31171,1.0116,2
31173,18.23,2
31175,7.2878,2
31177,52.64,2
31179,21.16,2
31181,6.0639,2
31183,1.3603,2
31185,23.747,2
32510,358.78,2
32001,4.9583,2
32003,280.15,2
32005,66.297,2
32007,3.0678,2
32009,0.24323,2
32011,0.48538,2
32013,1.7426,2
32015,1.0022,2
32017,0.48724,2
32019,28.52,2
32021,1.1814,2
32023,2.5619,2
32027,1.1083,2
32029,15.629,2
32031,71.971,2
32033,1.0767,2
33001,130.82,2
33003,49.289,2
33005,104.34,2
33007,17.231,2
33009,51.355,2
33011,467.37,2
33013,158.27,2
33015,390.12,2
33017,340.23,2
33019,78.166,2
34001,392.68,2
34003,3776.8,1
34005,543.45,1
34007,2225.4,1
34009,148.38,2
34011,221.01,2
34013,6165.4,1
34015,865.39,1
34017,10800,1
34019,284.05,2
34021,1605.4,1
34023,2557.1,1
34025,930.04,1
34027,1021.8,1
34029,662.94,1
34031,2546.4,1
34033,167.46,2
34035,1078.2,1
34037,262.12,2
34039,5275.4,1
34041,290.17,2
35001,581.06,1
35003,0.50898,2
35005,10.635,2
35006,5.8729,2
35007,3.1688,2
35009,34.774,2
35011,0.74892,2
35013,57.196,2
35015,13.926,2
35017,6.8043,2
35019,1.4183,2
35021,0.29397,2
35023,1.2182,2
35025,16.173,2
35027,4.0508,2
35028,177.13,2
35029,7.9949,2
35031,13.081,2
35033,2.3381,2
35035,10.183,2
35037,2.8637,2
35039,6.6007,2
35041,7.5354,2
35045,22.38,2
35047,5.7595,2
35043,39.505,2
35049,78.682,2
35051,2.5471,2
35053,2.5022,2
35055,14.842,2
35057,4.6206,2
35059,1.0595,2
35061,71.786,2
36001,572.68,1
36003,44.555,2
36005,24699,1
36007,266.23,2
36009,57.563,2
36011,98.309,2
36013,84.591,2
36015,203.15,2
36017,52.525,2
36019,72.011,2
36021,91.716,2
36023,94.868,2
36025,30.062,2
36027,356.44,2
36029,748.76,1
36031,19.245,2
36033,29.467,2
36035,100.17,2
36037,115.63,2
36039,71.694,2
36041,2.4426,2
36043,42.044,2
36045,59.135,2
36047,26426,1
36049,20.385,2
36051,98.228,2
36053,107.23,2
36055,543.04,1
36057,119.95,2
36059,2993.3,1
36061,48358,1
36063,183.6,2
36065,181.89,2
36067,571.57,1
36069,165.71,2
36071,459.04,2
36073,49.358,2
36075,89.256,2
36077,58.6,2
36079,399.24,2
36081,12709,1
36083,238.5,2
36085,4639.9,1
36087,1634.2,1
36091,272.42,2
36093,740.79,1
36095,49.505,2
36097,51.442,2
36099,87.102,2
36089,38.184,2
36101,67.926,2
36103,622.15,1
36105,75.664,2
36107,92.177,2
36109,207.83,2
36111,152.97,2
36113,68.629,2
36115,72.353,2
36117,64.961,2
36119,1934.2,1
36121,66.824,2
36123,66.997,2
37001,389.86,2
37003,142.42,2
37005,47.287,2
37007,45.509,2
37009,63.736,2
37011,71.018,2
37013,49.054,2
37015,25.562,2
37017,36.884,2
37019,136.01,2
37021,395.71,2
37023,175.73,2
37025,592.99,1
37027,173.25,2
37029,35.546,2
37031,51.402,2
37033,52.755,2
37035,385.84,2
37037,105.01,2
37039,61.308,2
37041,59.759,2
37043,50.911,2
37045,209.15,2
37047,58.206,2
37049,134.07,2
37051,509.5,1
37053,52.813,2
37055,23.7,2
37057,295.71,2
37059,160.54,2
37061,71.71,2
37063,1078.4,1
37065,101.6,2
37067,925.86,1
37069,141.02,2
37071,617.09,1
37073,33.452,2
37075,27.986,2
37077,112.64,2
37079,79.234,2
37081,816.71,1
37083,68.416,2
37085,226.14,2
37087,112.31,2
37089,313.24,2
37091,65.618,2
37093,140.77,2
37095,3.467,2
37097,306.37,2
37099,88.879,2
37101,263.02,2
37103,19.84,2
37105,238.2,2
37107,139.14,2
37109,280.44,2
37113,69.032,2
37115,48.172,2
37117,48.477,2
37111,102.49,2
37119,2019.8,1
37121,67.36,2
37123,54.227,2
37125,142.83,2
37127,173.75,2
37129,715.01,1
37131,35.407,2
37133,217.88,2
37135,370.13,2
37137,22.475,2
37139,137.59,2
37141,67.611,2
37143,40.927,2
37145,97.723,2
37147,276.02,2
37149,86.864,2
37151,181.86,2
37153,93.464,2
37155,137.35,2
37157,159.01,2
37159,271.22,2
37161,118.43,2
37163,67.05,2
37165,108.6,2
37167,155.35,2
37169,100,2
37171,133.47,2
37173,26.396,2
37175,90.351,2
37177,6.6898,2
37179,374.99,2
37181,165.04,2
37183,1296.5,1
37185,44.456,2
37187,27.295,2
37189,179.62,2
37191,221.17,2
37193,90.021,2
37195,218.55,2
37197,111.6,2
37199,57.704,2
38001,2.2409,2
38003,6.8821,2
38005,4.7465,2
38007,0.80453,2
38009,3.7,2
38011,2.5912,2
38013,1.8728,2
38015,57.326,2
38017,102.9,2
38019,2.491,2
38021,4.2671,2
38023,1.7493,2
38025,2.1245,2
38027,3.5498,2
38029,2.0845,2
38031,4.9633,2
38033,1.7568,2
38035,48.233,2
38037,1.3649,2
38039,3.115,2
38041,2.2041,2
38043,1.7303,2
38045,3.5156,2
38047,1.8296,2
38049,3.005,2
38051,2.5092,2
38053,5.2512,2
38055,4.0588,2
38057,7.3592,2
38059,16.122,2
38061,5.4323,2
38063,2.8539,2
38065,2.679,2
38067,6.0627,2
38069,3.6729,2
38071,8.8544,2
38073,6.0381,2
38075,2.6084,2
38077,11.189,2
38079,15.09,2
38081,4.4952,2
38083,1.3074,2
38085,3.7488,2
38087,0.61512,2
38089,23.49,2
38091,2.6414,2
38093,9.0082,2
38095,2.1016,2
38097,9.3161,2
38099,8.2223,2
38101,32.894,2
38103,2.9705,2
38105,17.499,2
39001,47.28,2
39003,251.53,2
39005,125.3,2
39007,71.043,2
39009,128.45,2
39011,113.65,2
39013,123.76,2
39015,87.695,2
39017,814.76,1
39019,67.45,2
39021,90.485,2
39023,332.03,2
39025,450.97,2
39027,101.79,2
39029,190.36,2
39031,64.481,2
39033,103,2
39035,991.53,1
39037,85.134,2
39039,91.951,2
39041,458.73,2
39043,118.68,2
39045,309.83,2
39047,70.067,2
39049,2423.4,1
39051,103.41,2
39053,63.456,2
39055,229.13,2
39057,405.86,2
39059,73.581,2
39061,1980.3,1
39063,142.01,2
39065,66.656,2
39067,36.611,2
39069,64.3,2
39071,77.365,2
39073,66.72,2
39075,103.67,2
39077,117.72,2
39079,76.896,2
39081,158.98,2
39083,117.69,2
39085,235.08,2
39087,130.03,2
39089,256.92,2
39091,97.839,2
39093,335.65,2
39095,764.03,1
39097,95.995,2
39099,540.11,1
39101,161.05,2
39103,424.8,2
39105,52.975,2
39107,86.986,2
39109,261.46,2
39111,29.846,2
39113,1144.9,1
39115,34.389,2
39117,86.72,2
39119,128.18,2
39121,35.65,2
39123,65.32,2
39125,44.572,2
39127,87.572,2
39129,115.34,2
39131,62.552,2
39133,320.36,2
39135,95.888,2
39137,69.92,2
39139,242.13,2
39141,110.63,2
39143,140.06,2
39145,122.24,2
39147,99.886,2
39149,118.21,2
39151,637.94,1
39153,1287.8,1
39155,312.22,2
39157,160.95,2
39159,134.98,2
39161,68.878,2
39163,31.531,2
39165,576.22,1
39167,93.585,2
39169,207.98,2
39171,86.726,2
39173,210.8,2
39175,53.409,2
40001,38.46,2
40003,6.4685,2
40005,13.896,2
40007,2.9219,2
40009,24.175,2
40011,10.042,2
40013,50.87,2
40015,22.289,2
40017,163.83,2
40019,57.702,2
40021,62.666,2
40023,18.324,2
40025,1.1606,2
40027,508.63,1
40029,10.541,2
40031,111.4,2
40033,8.8257,2
40035,18.54,2
40037,73.748,2
40039,28.943,2
40041,54.279,2
40043,4.8505,2
40045,3.1325,2
40047,57.6,2
40049,34.054,2
40051,50.511,2
40053,4.3172,2
40055,8.8736,2
40057,4.9257,2
40059,3.5427,2
40061,20.194,2
40063,16.299,2
40065,30.502,2
40067,7.7557,2
40069,16.838,2
40071,46.062,2
40073,17.4,2
40075,8.4483,2
40077,13.815,2
40079,31,2
40081,36.117,2
40083,64.102,2
40085,19.273,2
40093,7.9641,2
40095,39.653,2
40097,60.127,2
40087,69.761,2
40089,17.267,2
40091,27.504,2
40099,33.117,2
40101,81.044,2
40103,14.991,2
40105,17.345,2
40107,19.069,2
40109,1110,1
40111,54.765,2
40113,20.384,2
40115,64.21,2
40117,27.526,2
40119,117.31,2
40121,31.681,2
40123,52.769,2
40125,91.496,2
40127,7.7984,2
40129,3.1251,2
40131,129.95,2
40133,37.871,2
40135,58.144,2
40137,48.411,2
40139,9.7527,2
40141,8.2453,2
40143,1109.9,1
40145,137.54,2
40147,121.47,2
40149,10.817,2
40151,6.8155,2
40153,16.22,2
41001,5.2205,2
41003,137.04,2
41005,222.54,2
41007,37.08,2
41009,76.055,2
41011,35.698,2
41013,8.1686,2
41015,11.528,2
41017,64.712,2
41019,21.616,2
41021,1.5635,2
41023,1.5893,2
41025,0.72289,2
41027,43.819,2
41029,78.854,2
41031,13.766,2
41033,53.292,2
41035,11.121,2
41037,0.94138,2
41039,80.913,2
41041,41.848,2
41043,56.185,2
41045,3.0785,2
41047,291.01,2
41049,5.6636,2
41051,1745.4,1
41053,115.67,2
41055,2.1413,2
41057,20.284,2
41059,24.123,2
41061,13.165,2
41063,2.287,2
41065,11.139,2
41067,828.15,1
41069,0.77643,2
41071,149.08,2
42001,197.5,2
42003,1632.9,1
42005,97.422,2
42007,369.26,2
42009,47.065,2
42011,486.51,2
42013,231.1,2
42015,51.954,2
42017,1009.8,1
42019,236.34,2
42021,187.74,2
42023,11.156,2
42025,165.08,2
42027,146.04,2
42029,690.9,1
42031,63.118,2
42033,68.686,2
42035,43.014,2
42037,132.63,2
42039,81.545,2
42041,459.67,2
42043,499.13,2
42045,2970.8,1
42047,35.938,2
42049,173.07,2
42051,162,2
42053,16.798,2
42055,200.63,2
42057,33.169,2
42059,62.688,2
42061,50.707,2
42063,100.76,2
42065,66.105,2
42067,62.913,2
42069,451.33,2
42071,554.65,1
42073,235.71,2
42075,391.03,2
42077,1060.3,1
42079,349.91,2
42081,91.088,2
42083,41.276,2
42085,160.3,2
42087,111.59,2
42089,276.39,2
42091,1704.5,1
42093,137.79,2
42095,808.89,1
42097,190.29,2
42099,83.251,2
42101,11102,1
42103,98.488,2
42105,15.281,2
42107,180.62,2
42109,121.54,2
42111,67.927,2
42113,13.409,2
42115,48.446,2
42117,35.689,2
42119,141.65,2
42121,74.176,2
42123,43.651,2
42125,240.26,2
42127,68.428,2
42129,336.63,2
42131,66.187,2
42133,493.29,2
44001,1084.3,1
44003,873.85,1
44005,261.7,2
44007,1465.9,1
44009,223.09,2
45001,47.989,2
45003,158.14,2
45005,21.057,2
45007,267.41,2
45009,35.566,2
45011,37.442,2
45013,208.15,2
45015,185.41,2
45017,37.091,2
45019,303.14,2
45021,144.22,2
45023,55.006,2
45025,56.649,2
45027,48.504,2
45029,33.282,2
45031,117.38,2
45033,74.968,2
45035,282.29,2
45037,53.814,2
45039,31.476,2
45041,172.21,2
45043,60.555,2
45045,656.88,1
45047,152.96,2
45049,34.159,2
45051,282.14,2
45053,43.848,2
45055,89.896,2
45057,176.5,2
45059,93.478,2
45061,40.911,2
45063,393.36,2
45067,62.045,2
45069,53.818,2
45065,24.024,2
45071,59.383,2
45073,118.09,2
45075,76.408,2
45077,247.88,2
45079,538.73,1
45081,44.445,2
45083,390.36,2
45085,156.46,2
45087,52.942,2
45089,32.411,2
45091,403.84,2
46003,3.8606,2
46005,14.588,2
46007,2.8261,2
46009,11.87,2
46011,43.584,2
46013,22.433,2
46015,6.2571,2
46017,4.0249,2
46019,4.6015,2
46021,1.7838,2
46023,8.0781,2
46025,3.86,2
46027,33.763,2
46029,39.057,2
46031,1.6153,2
46033,5.7542,2
46035,45.271,2
46037,4.9703,2
46039,6.8331,2
46041,2.409,2
46043,6.7279,2
46045,3.326,2
46047,3.8377,2
46049,2.2858,2
46051,10.251,2
46053,3.9724,2
46055,1.0392,2
46057,11.457,2
46059,2.2154,2
46061,7.9257,2
46063,0.48476,2
46065,21.898,2
46067,8.9521,2
46069,1.5012,2
46071,1.7869,2
46073,3.7791,2
46075,0.92925,2
46077,5.7182,2
46079,22.252,2
46081,32.291,2
46083,105.64,2
46085,2.2148,2
46091,5.5721,2
46087,9.6776,2
46089,2.0652,2
46093,8.1351,2
46095,1.5734,2
46097,3.8739,2
46099,237.34,2
46101,12.619,2
46102,6.7706,2
46103,40.861,2
46105,0.99106,2
46107,2.3963,2
46109,9.1543,2
46111,4.1105,2
46115,4.222,2
46117,2.0421,2
46119,1.2995,2
46121,7.3163,2
46123,3.3638,2
46125,13.577,2
46127,34.108,2
46129,7.3027,2
46135,42.83,2
46137,1.3981,2
47001,223.23,2
47003,104.68,2
47005,37.045,2
47007,37.037,2
47009,234.86,2
47011,326.1,2
47013,79.961,2
47015,55.237,2
47017,46.287,2
47019,162.21,2
47021,132.4,2
47023,59.901,2
47025,72.377,2
47027,29.372,2
47029,81.242,2
47031,130.08,2
47033,53.599,2
47035,88.354,2
47037,1319.3,1
47041,62.28,2
47039,33.813,2
47043,109.8,2
47045,70.575,2
47047,58.24,2
47049,37.12,2
47051,73.486,2
47053,81.395,2
47055,48.205,2
47057,77.101,2
47059,110.64,2
47061,37.176,2
47063,369.4,2
47065,638.81,1
47067,29.618,2
47069,37.364,2
47071,43.014,2
47073,113.65,2
47075,32.393,2
47077,53.459,2
47079,54.5,2
47081,41.09,2
47083,39.63,2
47085,33.376,2
47087,36.881,2
47089,173.36,2
47091,58.753,2
47093,894.45,1
47095,36.2,2
47097,50.541,2
47099,71.432,2
47101,43.427,2
47103,60.219,2
47105,218.86,2
47111,80.085,2
47113,175.38,2
47115,56.261,2
47117,91.391,2
47119,156.58,2
47107,124.45,2
47109,45.811,2
47121,57.3,2
47123,71.292,2
47125,384.27,2
47127,49.762,2
47129,40.97,2
47131,54.141,2
47133,51.149,2
47135,19.095,2
47137,28.915,2
47139,38.048,2
47141,199.4,2
47143,98.594,2
47145,135.15,2
47147,150.64,2
47149,532.51,1
47151,41.384,2
47153,56.48,2
47155,164.36,2
47157,1195.8,1
47159,61.949,2
47161,27.807,2
47163,368.5,2
47165,352.17,2
47167,129.75,2
47169,96.734,2
47171,95.893,2
47173,80.812,2
47175,21.383,2
47177,95.082,2
47179,392.39,2
47181,22.664,2
47183,57.279,2
47185,72.046,2
47187,408.47,2
47189,248.01,2
48001,53.555,2
48003,12.461,2
48005,100.31,2
48007,44.526,2
48009,9.238,2
48011,2.0649,2
48013,41.395,2
48015,45.75,2
48017,8.4599,2
48019,28.977,2
48021,99.022,2
48023,3.8942,2
48025,36.989,2
48027,333.82,2
48029,1594.2,1
48031,16.723,2
48033,0.72177,2
48035,18.634,2
48037,101.04,2
48039,234.28,2
48041,388.26,2
48043,1.486,2
48045,1.7147,2
48047,7.5164,2
48049,39.564,2
48051,27.209,2
48053,47.202,2
48055,79.757,2
48057,20.625,2
48059,15.469,2
48061,331.52,2
48063,64.436,2
48065,6.4124,2
48067,31.264,2
48069,8.3723,2
48071,50.469,2
48073,49.572,2
48075,10.237,2
48077,9.3807,2
48079,3.6797,2
48081,3.6495,2
48083,6.379,2
48085,1168,1
48087,3.1757,2
48089,22.074,2
48091,271.83,2
48093,14.387,2
48095,2.7431,2
48097,45.899,2
48099,71.868,2
48101,1.5505,2
48103,6.1058,2
48105,1.2338,2
48107,6.3621,2
48109,0.56938,2
48111,4.8407,2
48113,2899.8,1
48115,14.108,2
48123,22.14,2
48117,12.378,2
48119,19.18,2
48121,926.37,1
48125,2.4424,2
48127,7.5859,2
48129,3.5131,2
48131,6.2128,2
48133,19.7,2
48135,184.33,2
48137,0.91126,2
48141,827.04,1
48139,194.2,2
48143,39.177,2
48145,22.352,2
48147,39.494,2
48149,26.404,2
48151,4.247,2
48153,5.7548,2
48155,1.632,2
48157,916.01,1
48159,36.382,2
48161,22.099,2
48163,17.9,2
48165,14.3,2
48167,390.36,2
48169,6.9501,2
48171,25.422,2
48173,1.5638,2
48175,8.9106,2
48177,19.475,2
48179,23.551,2
48181,139.1,2
48183,448.41,2
48185,36.043,2
48187,233.6,2
48189,33.244,2
48191,3.2783,2
48193,10.115,2
48195,5.8654,2
48197,5.6423,2
48199,64.186,2
48201,2651.1,1
48203,72.722,2
48205,3.8106,2
48207,6.2153,2
48209,338.59,2
48211,4.187,2
48213,87.175,2
48215,548.85,1
48217,37.18,2
48219,25.338,2
48221,141.12,2
48223,46.776,2
48225,18.569,2
48227,40.545,2
48229,1.0686,2
48231,111.77,2
48233,23.394,2
48235,1.4605,2
48237,9.7101,2
48239,17.221,2
48241,36.64,2
48243,1.0041,2
48245,226.37,2
48247,4.5765,2
48249,46.622,2
48251,239.39,2
48253,21.428,2
48255,20.703,2
48257,168.74,2
48259,71.529,2
48261,0.20765,2
48263,0.84388,2
48265,47.483,2
48267,3.4668,2
48269,0.2978,2
48271,2.6857,2
48273,28.134,2
48275,4.2829,2
48283,5.0323,2
48277,53.466,2
48279,12.668,2
48281,30.01,2
48285,20.768,2
48287,27.187,2
48289,16.108,2
48291,74.995,2
48293,25.114,2
48295,3.4678,2
48297,11.314,2
48299,22.556,2
48301,0.24967,2
48303,344.79,2
48305,6.6603,2
48313,30.232,2
48315,23.44,2
48317,6.3024,2
48319,4.5846,2
48321,22.727,2
48323,45.456,2
48307,7.4378,2
48309,242.04,2
48311,0.65021,2
48325,38.65,2
48327,2.3694,2
48329,196.04,2
48331,24.295,2
48333,6.4978,2
48335,9.3288,2
48337,21.116,2
48339,564.01,1
48341,23.019,2
48343,47.895,2
48345,1.2123,2
48347,66.439,2
48349,46.133,2
48351,14.469,2
48353,16.098,2
48355,310.56,2
48357,10.713,2
48359,1.4066,2
48361,219.72,2
48363,29.617,2
48365,28.237,2
48367,156.98,2
48369,10.85,2
48371,3.3206,2
48373,46.268,2
48375,127.34,2
48377,1.7383,2
48379,48.337,2
48381,149.28,2
48383,3.2727,2
48385,4.9308,2
48387,11.367,2
48389,6.0466,2
48391,8.4864,2
48393,0.92399,2
48395,19.722,2
48397,705.5,1
48399,9.7085,2
48401,57.959,2
48403,18.281,2
48405,13.908,2
48407,45.957,2
48409,94.37,2
48411,5.3192,2
48413,2.1309,2
48415,18.403,2
48417,3.5659,2
48419,30.283,2
48421,3.2731,2
48423,245.12,2
48425,47.564,2
48427,52.574,2
48429,10.163,2
48431,1.3978,2
48433,1.4669,2
48435,2.596,2
48437,8.2121,2
48439,2342.5,1
48441,150.14,2
48443,0.3291,2
48445,13.847,2
48447,1.6395,2
48449,76.928,2
48451,77.371,2
48453,1246.3,1
48455,20.518,2
48457,23.16,2
48459,70.443,2
48461,2.9446,2
48463,17.156,2
48465,15.165,2
48467,65.836,2
48469,103.6,2
48471,91.042,2
48473,106.55,2
48475,14.355,2
48477,57.744,2
48479,81.955,2
48481,37.968,2
48483,5.5233,2
48485,208.88,2
48487,13.054,2
48489,27.233,2
48491,519.62,1
48493,63.155,2
48495,9.5211,2
48497,75.835,2
48499,65.442,2
48501,10.894,2
48503,19.347,2
48505,13.399,2
48507,9.095,2
49001,2.5883,2
49003,8.3285,2
49005,109.35,2
49007,13.783,2
49009,1.3138,2
49011,561.08,1
49013,6.1229,2
49015,2.2439,2
49017,0.96976,2
49019,2.6403,2
49021,16.607,2
49023,3.5277,2
49025,1.9194,2
49027,1.9313,2
49029,19.85,2
49031,1.9313,2
49033,2.2856,2
49035,1436.5,1
49037,1.9295,2
49039,19.304,2
49041,11.27,2
49043,22.392,2
49045,9.9152,2
49047,7.9423,2
49049,297.16,2
49051,28.192,2
49053,73.066,2
49055,1.0991,2
49057,394.57,2
50001,45.49,2
50003,52.337,2
50005,45.6,2
50007,264.31,2
50009,9.1462,2
50011,71.322,2
50013,37.167,2
50015,54.722,2
50017,41.753,2
50019,37.534,2
50021,61.615,2
50023,83.941,2
50025,52.898,2
50027,56.411,2
51001,24.665,2
51003,150.54,2
51510,10366,1
51005,33.249,2
51007,36.66,2
51009,66.007,2
51011,47.531,2
51013,9119.8,1
51015,77.712,2
51017,7.7573,2
51019,102.68,2
51021,17.506,2
51023,61.209,2
51520,1446.2,1
51025,28.505,2
51027,41.683,2
51029,29.383,2
51530,948.46,1
51031,108.19,2
51033,57.01,2
51035,62.345,2
51036,34.149,2
51037,24.882,2
51540,4606.8,1
51550,697.69,1
51041,804.69,1
51043,82.037,2
51570,2229.8,1
51580,1247.3,1
51045,15.545,2
51047,137.59,2
51049,33.133,2
51590,911.33,1
51051,42.795,2
51053,56.295,2
51595,768.1,1
51057,38.308,2
51059,2820.8,1
51600,3899.2,1
51610,7308.5,1
51061,109.26,2
51063,41.283,2
51065,93.96,2
51067,78.755,2
51620,1032,1
51069,214.87,2
51630,2760.1,1
51640,786.49,1
51071,46.32,2
51073,129.67,2
51075,81.904,2
51077,34.871,2
51079,126.25,2
51081,38.19,2
51083,41.152,2
51650,1046.3,1
51085,227.3,2
51660,3014,1
51087,1360.2,1
51089,131.52,2
51091,5.2659,2
51670,2101.6,1
51093,102.29,2
51095,425.77,2
51099,142.89,2
51101,60.027,2
51097,21.526,2
51103,45.829,2
51105,53.558,2
51678,2990.4,1
51107,793.53,1
51109,73.588,2
51111,28.205,2
51680,1651,1
51113,41.208,2
51683,4096.2,1
51685,9550.8,1
51690,1140.2,1
51115,35.058,2
51117,45.025,2
51119,50.209,2
51121,253.02,2
51125,31.475,2
51127,103.19,2
51700,1505.7,1
51710,2520.7,1
51131,14.722,2
51133,42.338,2
51720,548.35,1
51135,48.183,2
51137,107.88,2
51139,76.094,2
51141,36.239,2
51730,1350,1
51143,61.698,2
51735,156.46,2
51740,2024.8,1
51145,112.99,2
51147,64.436,2
51149,136.22,2
51153,1347.5,1
51155,103.24,2
51750,1790.9,1
51157,27.617,2
51159,41.696,2
51760,3680.5,1
51161,375.48,2
51770,2309.4,1
51163,37.558,2
51165,96.031,2
51167,55.762,2
51775,1738.9,1
51169,40.036,2
51171,85.094,2
51173,66.553,2
51175,29.235,2
51177,330.38,2
51179,546.89,1
51790,1261.7,1
51800,214.66,2
51181,20.695,2
51183,22.641,2
51185,78.081,2
51810,904.74,1
51187,185.64,2
51191,94.681,2
51820,1609.5,1
51193,71.304,2
51830,1711,1
51840,3009.4,1
51195,92.404,2
51197,61.735,2
51199,316.84,2
53001,10.355,2
53003,35.246,2
53005,116.12,2
53007,25.786,2
53009,28.896,2
53011,743.97,1
53013,4.562,2
53015,94.815,2
53017,23.491,2
53019,3.3786,2
53021,75.252,2
53023,3.0981,2
53025,35.013,2
53027,33.741,2
53029,164.56,2
53031,14.794,2
53033,976.6,1
53035,479.65,2
53037,20.544,2
53039,11.776,2
53041,33.125,2
53043,4.6753,2
53045,63.523,2
53047,7.9473,2
53049,18.365,2
53051,9.6286,2
53053,500.91,1
53055,28.308,2
53057,67.277,2
53059,7.1754,2
53061,374.26,2
53063,293.57,2
53065,17.997,2
53067,375.52,2
53069,15.654,2
53071,46.766,2
53073,91.565,2
53075,23.009,2
53077,58.183,2
54001,47.965,2
54003,370.55,2
54005,42.639,2
54007,27.038,2
54009,237.8,2
54011,319.21,2
54013,25.33,2
54015,24.743,2
54017,26.358,2
54019,63.444,2
54021,23.003,2
54023,24.088,2
54025,33.833,2
54027,35.949,2
54029,326.05,2
54031,23.568,2
54033,161.43,2
54035,60.591,2
54037,270.08,2
54039,195.51,2
54041,40.809,2
54043,46.531,2
54045,70.274,2
54049,180,2
54051,97.793,2
54053,59.608,2
54047,32.946,2
54055,139.66,2
54057,81.626,2
54059,55.29,2
54061,288.63,2
54063,28.025,2
54065,77.861,2
54067,37.43,2
54069,380.41,2
54071,9.9812,2
54073,55.423,2
54075,8.7557,2
54077,51.319,2
54079,161.09,2
54081,120.39,2
54083,27.591,2
54085,21.062,2
54087,28.293,2
54089,34.191,2
54091,95.02,2
54093,16.24,2
54095,32.952,2
54097,68.123,2
54099,76.922,2
54101,14.589,2
54103,41.686,2
54105,24.786,2
54107,221.54,2
54109,40.638,2
55001,29.365,2
55003,6.7835,2
55005,50.831,2
55007,7.3643,2
55009,429.82,2
55011,18.363,2
55013,17.507,2
55015,126.15,2
55017,62.09,2
55019,28.523,2
55021,72.296,2
55023,26.917,2
55025,441.44,2
55027,96.837,2
55029,11.675,2
55031,29.155,2
55033,52.512,2
55035,162.16,2
55037,8.6328,2
55039,135.01,2
55041,8.604,2
55043,43.466,2
55045,63.221,2
55047,49.711,2
55049,30.824,2
55051,6.1863,2
55053,20.641,2
55055,145.45,2
55057,33.184,2
55059,224.77,2
55061,18.84,2
55063,245.89,2
55065,26.26,2
55067,21.61,2
55069,30.423,2
55071,52.871,2
55073,86.086,2
55075,26.028,2
55077,33.531,2
55078,12.482,2
55079,794.86,1
55081,50.913,2
55083,33.006,2
55085,28.796,2
55087,291.54,2
55089,79.926,2
55091,29.3,2
55093,72.266,2
55095,45.782,2
55097,86.012,2
55099,10.442,2
55101,247.87,2
55103,29.268,2
55105,224.92,2
55107,15.229,2
55111,75.947,2
55113,12.261,2
55115,44.974,2
55117,90.742,2
55109,123.24,2
55119,20.662,2
55121,39.956,2
55123,37.749,2
55125,21.804,2
55127,180.15,2
55129,18.426,2
55131,312.06,2
55133,696.27,1
55135,66.621,2
55137,38.346,2
55139,297.03,2
55141,90.177,2
56001,9.0229,2
56003,3.7321,2
56005,9.651,2
56007,1.8583,2
56009,3.2406,2
56011,2.6419,2
56013,4.237,2
56015,5.9181,2
56017,2.1995,2
56019,2.0228,2
56021,37.019,2
56023,4.8493,2
56025,14.855,2
56027,0.8965,2
56029,4.1892,2
56031,3.9758,2
56033,12.063,2
56035,1.9917,2
56037,4.0358,2
56039,5.5576,2
56041,9.6884,2
56043,3.4799,2
56045,2.8861,2
